{
  "ua": "",
  "homeUrl": "https://www.ysgc.cc",
  "cateNode": "//ul[contains(@class,'myui-header__menu nav-menu')]/li[contains(@class, 'dropdown-hover')]//div/ul/li/a[contains(@href, 'vodtype') and not(contains(@href,'label'))]",
  "cateName": "/text()",
  "cateId": "/@href",
  "cateIdR": "/vodtype/(\\w+).html",
  "cateManual": {
    "电影": "1",
    "国产剧": "13",
    "港台剧": "14",	
    "欧美剧": "16",
    "日韩剧": "15",
    "综艺": "3",
    "日漫": "26",
    "国漫": "27",
    "动漫": "4"
  },

// Home Summary ====================================================
  "homeVodNode": "//div[contains(@class, 'padding-0')]//ul[contains(@class,'myui-vodlist')]/li//a[contains(@class,'myui-vodlist__thumb')]",
  "homeVodName": "/@title",
  "homeVodId": "/@href",
  "homeVodIdR": "/voddetail/(\\w+).html",
  "homeVodImg": "/@data-original",
  "homeVodImgR": "\\S+(http\\S+)",
  "homeVodMark": "/span[contains(@class,'pic-text')]/text()",

// Category Summary ================================================
  "cateUrl": "https://www.ysgc.cc/vodshow/{cateId}-{area}--{type}-----{catePg}---{year}.html",
//  "cateUrl": "https://www.ysgc.cc/vodshow/{cateId}--------{catePg}---2022.html",  
  "cateVodNode": "//ul[contains(@class,'myui-vodlist')]//li//a[contains(@class,'myui-vodlist__thumb')]",
  "cateVodName": "/@title",
  "cateVodId": "/@href",
  "cateVodIdR": "/voddetail/(\\w+).html",
  "cateVodImg": "/@data-original",
  "cateVodImgR": "\\S+(http\\S+)",
  "cateVodMark": "/span[contains(@class,'pic-text')]/text()",

// Category Details ================================================
  "dtUrl": "https://www.ysgc.cc/voddetail/{vid}.html",
  "dtNode": "//div[contains(@class,'col-lg-wide-75')]",
  "dtName": "//div[@class='myui-content__thumb']/a[contains(@class,'myui-vodlist__thumb')]/@title",
  "dtNameR": "",
  "dtImg": "//div[@class='myui-content__thumb']/a[contains(@class,'myui-vodlist__thumb')]/img/@data-original",
  "dtImgR": "\\S+(http\\S+)",
  "dtCate": "//div[@class='myui-content__detail']//span[contains(@class,'text-muted') and contains(text(), '分类')]/following-sibling::*/text()",
  "dtCateR": "",
  "dtYear": "//div[@class='myui-content__detail']//span[contains(@class,'text-muted') and contains(text(), '年份')]/following-sibling::*/text()",
  "dtYearR": "",
  "dtArea": "//div[@class='myui-content__detail']//span[contains(@class,'text-muted') and contains(text(), '地区')]/following-sibling::*/text()",
  "dtAreaR": "",
  "dtMark": "//div[@class='myui-content__detail']//span[contains(@class,'text-muted') and contains(text(), '更新')]/following-sibling::*/text()",
  "dtMarkR": "",
  "dtActor": "//div[@class='myui-content__detail']//span[contains(@class,'text-muted') and contains(text(), '主演')]/following-sibling::*/text()",
  "dtActorR": "",
  "dtDirector": "//div[@class='myui-content__detail']//span[contains(@class,'text-muted') and contains(text(), '导演')]/following-sibling::*/text()",
  "dtDirectorR": "",
  "dtDesc": "//div[@class='myui-content__detail']//span[contains(@class,'text-muted') and contains(text(), '简介')]/parent::text()",
  "dtDescR": "",
  
// Playlist ========================================================
  "dtFromNode": "//a[@data-toggle='tab' and contains(@href, 'playlist')]",
  "dtFromName": "/text()",
  "dtFromNameR": "",
  "dtUrlNode": "//div[contains(@class,'tab-content')]/div[contains(@id, 'playlist')]",
  "dtUrlSubNode": "//li/a",
  "dtUrlId": "/@href",
  "dtUrlIdR": "/vodplay/(\\S+).html",
  "dtUrlName": "/text()",
  "dtUrlNameR": "",
  "playUrl": "https://www.ysgc.cc/vodplay/{playUrl}.html",
  "playUa": "",

// Search Results ==================================================
  "searchUrl": "https://www.ysgc.cc/index.php/ajax/suggest?mid=1&wd={wd}&limit=10",
  "scVodNode": "json:list",
  "scVodName": "name",
  "scVodId": "id",
  "scVodIdR": "",
  "scVodImg": "pic",
  "scVodMark": "",

// Filters =======================================================
    "filter": {
      "1": [         // 电影
        {
          "key": "type",
          "name": "类型",
          "value": [
            {"n": "全部","v": ""},
            {"n": "动作","v": "动作"},
            {"n": "科幻","v": "科幻"},
            {"n": "喜剧","v": "喜剧"},        
            {"n": "爱情","v": "爱情"},
            {"n": "恐怖","v": "恐怖"},
            {"n": "动画","v": "动画"}
          ]
        },
        {
          "key": "area",
          "name": "地区",
          "value": [
            {"n": "全部","v": ""},
            {"n": "大陆","v": "大陆"},
            {"n": "香港","v": "香港"},
            {"n": "台湾","v": "台湾"},        
            {"n": "美国","v": "美国"},
            {"n": "英国","v": "英国"},
            {"n": "日本","v": "日本"},
            {"n": "韩国","v": "韩国"},
            {"n": "泰国","v": "泰国"},
            {"n": "其他","v": "其他"}
          ]
        },
        {
          "key": "year",
          "name": "年份",
          "value": [
            {"n": "全部","v": ""},
            {"n": "2022","v": "2022"},              
            {"n": "2021","v": "2021"},
            {"n": "2020","v": "2020"},
            {"n": "2019","v": "2019"},
            {"n": "2018","v": "2018"},
            {"n": "2017","v": "2017"},
            {"n": "2016","v": "2016"},
            {"n": "2015","v": "2015"},
            {"n": "2014","v": "2014"},
            {"n": "2013","v": "2013"},
            {"n": "2012","v": "2012"},
            {"n": "2011","v": "2011"},
            {"n": "2010","v": "2010"}
          ]
        }
      ],
      "13": [         // 国产剧
        {
          "key": "year",
          "name": "年份",
          "value": [
            {"n": "全部","v": ""},
            {"n": "2022","v": "2022"},              
            {"n": "2021","v": "2021"},
            {"n": "2020","v": "2020"},
            {"n": "2019","v": "2019"},
            {"n": "2018","v": "2018"},
            {"n": "2017","v": "2017"},
            {"n": "2016","v": "2016"},
            {"n": "2015","v": "2015"},
            {"n": "2014","v": "2014"},
            {"n": "2013","v": "2013"},
            {"n": "2012","v": "2012"},
            {"n": "2011","v": "2011"},
            {"n": "2010","v": "2010"}
          ]
        }
      ],
      "14": [         // 港台剧
        {
          "key": "year",
          "name": "年份",
          "value": [
            {"n": "全部","v": ""},
            {"n": "2022","v": "2022"},              
            {"n": "2021","v": "2021"},
            {"n": "2020","v": "2020"},
            {"n": "2019","v": "2019"},
            {"n": "2018","v": "2018"},
            {"n": "2017","v": "2017"},
            {"n": "2016","v": "2016"},
            {"n": "2015","v": "2015"},
            {"n": "2014","v": "2014"},
            {"n": "2013","v": "2013"},
            {"n": "2012","v": "2012"},
            {"n": "2011","v": "2011"},
            {"n": "2010","v": "2010"}
          ]
        }
      ],
      "15": [         // 日韩剧
        {
          "key": "area",
          "name": "地区",
          "value": [
            {"n": "全部","v": ""},
            {"n": "日本","v": "日本"},
            {"n": "韩国","v": "韩国"}
          ]
        },
        {
          "key": "year",
          "name": "年份",
          "value": [
            {"n": "全部","v": ""},
            {"n": "2022","v": "2022"},              
            {"n": "2021","v": "2021"},
            {"n": "2020","v": "2020"},
            {"n": "2019","v": "2019"},
            {"n": "2018","v": "2018"},
            {"n": "2017","v": "2017"},
            {"n": "2016","v": "2016"},
            {"n": "2015","v": "2015"},
            {"n": "2014","v": "2014"},
            {"n": "2013","v": "2013"},
            {"n": "2012","v": "2012"},
            {"n": "2011","v": "2011"},
            {"n": "2010","v": "2010"}
          ]
        }
      ],
      "16": [         // 欧美剧
        {
          "key": "year",
          "name": "年份",
          "value": [
            {"n": "全部","v": ""},
            {"n": "2022","v": "2022"},              
            {"n": "2021","v": "2021"},
            {"n": "2020","v": "2020"},
            {"n": "2019","v": "2019"},
            {"n": "2018","v": "2018"},
            {"n": "2017","v": "2017"},
            {"n": "2016","v": "2016"},
            {"n": "2015","v": "2015"},
            {"n": "2014","v": "2014"},
            {"n": "2013","v": "2013"},
            {"n": "2012","v": "2012"},
            {"n": "2011","v": "2011"},
            {"n": "2010","v": "2010"}
          ]
        }
      ],
      "26": [         // 日漫
        {
          "key": "year",
          "name": "年份",
          "value": [
            {"n": "全部","v": ""},
            {"n": "2022","v": "2022"},              
            {"n": "2021","v": "2021"},
            {"n": "2020","v": "2020"},
            {"n": "2019","v": "2019"},
            {"n": "2018","v": "2018"},
            {"n": "2017","v": "2017"},
            {"n": "2016","v": "2016"},
            {"n": "2015","v": "2015"},
            {"n": "2014","v": "2014"},
            {"n": "2013","v": "2013"},
            {"n": "2012","v": "2012"},
            {"n": "2011","v": "2011"},
            {"n": "2010","v": "2010"}
          ]
        }
      ],
      "27": [         // 国漫
        {
          "key": "year",
          "name": "年份",
          "value": [
            {"n": "全部","v": ""},
            {"n": "2022","v": "2022"},              
            {"n": "2021","v": "2021"},
            {"n": "2020","v": "2020"},
            {"n": "2019","v": "2019"},
            {"n": "2018","v": "2018"},
            {"n": "2017","v": "2017"},
            {"n": "2016","v": "2016"},
            {"n": "2015","v": "2015"},
            {"n": "2014","v": "2014"},
            {"n": "2013","v": "2013"},
            {"n": "2012","v": "2012"},
            {"n": "2011","v": "2011"},
            {"n": "2010","v": "2010"}
          ]
        }
      ],
      "3": [         // 综艺
        {
          "key": "area",
          "name": "地区",
          "value": [
            {"n": "全部","v": ""},
            {"n": "内地","v": "内地"},
            {"n": "港台","v": "港台"},
            {"n": "日韩","v": "日韩"},
            {"n": "欧美","v": "欧美"}
          ]
        },        
        {
          "key": "year",
          "name": "年份",
          "value": [
            {"n": "全部","v": ""},
            {"n": "2022","v": "2022"},              
            {"n": "2021","v": "2021"},
            {"n": "2020","v": "2020"},
            {"n": "2019","v": "2019"},
            {"n": "2018","v": "2018"},
            {"n": "2017","v": "2017"},
            {"n": "2016","v": "2016"},
            {"n": "2015","v": "2015"},
            {"n": "2014","v": "2014"},
            {"n": "2013","v": "2013"},
            {"n": "2012","v": "2012"},
            {"n": "2011","v": "2011"},
            {"n": "2010","v": "2010"}
          ]
        }
      ],
      "4": [         // 动漫
        {
          "key": "area",
          "name": "地区",
          "value": [
            {"n": "全部","v": ""},
            {"n": "国产","v": "国产"},
            {"n": "日本","v": "日本"},
            {"n": "欧美","v": "欧美"},
            {"n": "其他","v": "其他"}
          ]
        },        
        {
          "key": "year",
          "name": "年份",
          "value": [
            {"n": "全部","v": ""},
            {"n": "2022","v": "2022"},              
            {"n": "2021","v": "2021"},
            {"n": "2020","v": "2020"},
            {"n": "2019","v": "2019"},
            {"n": "2018","v": "2018"},
            {"n": "2017","v": "2017"},
            {"n": "2016","v": "2016"},
            {"n": "2015","v": "2015"},
            {"n": "2014","v": "2014"},
            {"n": "2013","v": "2013"},
            {"n": "2012","v": "2012"},
            {"n": "2011","v": "2011"},
            {"n": "2010","v": "2010"}
          ]
        }
      ]
    }
  }
